{
  "fs": 98000.0,
  "Ts": 1.0204081632653061e-05,
  "Ton": 3e-06,
  "T0": 3e-06,
  "m1": 1.0,
  "m2": 4.0,
  "Fm": 65333.333333333336
}