{
  "moving_pole_hz": 31830.98861837907,
  "stationary_zero_hz": 95492.96585513721,
  "valid_to_hz": 150000.0
}