{
  "Vin": 12.0,
  "Vo": 1.2,
  "fs": 300000.0,
  "L": 3e-07,
  "C": 0.00448,
  "R": 0.1,
  "rL": 0.0,
  "rC": 0.00075,
  "Ri": 0.01
}